algo,time,class,num_pos
C5.0,62568.113181591,GO:0015031,44
C5.0,171603.53284359,GO:0031325,216
C5.0,21276.2845182419,GO:0045176,10
C5.0,60477.0763635635,GO:1901565,48
C5.0,134279.339361191,GO:0009792,278
C5.0,25346.6027164459,GO:1901046,26
C5.0,56239.6990871429,GO:1903507,71
C5.0,12553.020336628,GO:0048814,10
C5.0,20701.3373422623,GO:0048489,19
C5.0,42476.2655591965,GO:0006508,53
