algo,time,class,num_pos
glmnet,8859.44470405579,GO:0005261,33
glmnet,8702.15123653412,GO:0008237,12
glmnet,8244.03042793274,GO:0016818,56
glmnet,8063.97722005844,GO:0060089,53
glmnet,8839.47918653488,GO:0004857,13
glmnet,7784.66144800186,GO:0046872,15
glmnet,8759.45643186569,GO:0097159,198
glmnet,7784.9537563324,GO:0019887,12
glmnet,8379.23563480377,GO:0017048,12
glmnet,8347.68092393875,GO:0001664,12
