algo,time,class,num_pos
svmLinear,9857.7677488327,GO:0005261,33
svmLinear,9326.55417919159,GO:0008237,12
svmLinear,10106.7741894722,GO:0016818,56
svmLinear,9979.04408454895,GO:0060089,53
svmLinear,9600.53345680237,GO:0004857,13
svmLinear,8709.66626882553,GO:0046872,15
svmLinear,10515.9485602379,GO:0097159,198
svmLinear,9012.45313167572,GO:0019887,12
svmLinear,8843.66671323776,GO:0017048,12
svmLinear,8968.51957082748,GO:0001664,12
