var, approx, num_feat
50%, 0.5131259, 15
70%, 0.7187278, 100
90%, 0.7187278, 1000
